Question,Answer
What are the benefits of subscribing to the contact lens subscription plan compared to ordering ala carte?,"The benefits of subscribing to the contact lens subscription plan compared to ordering ala carte are:
- Zero sign-up fee
- Greater savings
- Convenience
- Flexibility
- Exclusivity
- Free delivery (for subscriptions above RM250)"
Is there a sign-up fee for the subscription plan?,There is no sign-up fee for the subscription plan. Customers only pay for the product and delivery fee.
How much can I save by subscribing to the plan?,Subscribers can enjoy the product at a much more affordable price compared to purchasing ala carte. They no longer need to wait for online promotions.
How convenient is the subscription plan compared to placing individual orders?,The subscription plan is more convenient as subscribers no longer need to set reminders or go through the steps to place an order for replenishment. Payments are auto-debited on a monthly basis before the product is shipped out.
Can I change or cancel my subscription plan at any time?,Subscribers have the flexibility to change or cancel their subscription plan at any time. There are no charges for canceling the plan for the remaining months.
Is the subscription plan exclusive to Focus Point Online Store members only?,"Yes, the subscription plan is exclusive for Focus Point Online Store members."
Is there free delivery for the subscription plan?,Free delivery is offered for subscribers whose monthly contact lens subscription fee is above RM250 within Malaysia.
How do I subscribe to the contact lens subscription plan?,"To subscribe, customers can sign up as an online member or login to their existing account. They can then visit the provided link to select their preferred contact lens, prescription, color option (if applicable), and plan before proceeding to check out."
When will my payment be charged for the subscription plan?,The first payment for the subscription plan is charged immediately upon subscribing. Subsequent recurring payments will be charged on the 10th of every month within the selected subscription duration.
What payment methods are accepted for the subscription plan?,"Currently, the subscription plan only accepts Visa and Mastercard debit and credit cards. All payments are securely processed by GHL ePayments Sdn Bhd (eGHL)."
Can customers outside of Malaysia subscribe to the plan?,"No, at the moment, the subscription plan is only available for delivery within Malaysia."
Can I combine ala carte orders with the subscription plan?,"No, customers cannot combine ala carte orders with the contact lens subscription plan. They will need to check out separately for ala carte items."
When will my order be delivered?,"Upon subscribing to the contact lens subscription plan, the first shipment will be delivered within 7-10 working days. Subsequent recurring orders will be delivered within 3-5 working days after the recurring payment is successfully charged."
Which courier service is used for delivery?,"For Peninsular Malaysia orders (except Southern Region), parcels are sent out using Ninja Van. For Southern Region and West Malaysia orders, parcels are sent out using GDEX."
How much is the shipping fee?,The shipping fee is applicable for every shipment of the order. Customers can refer to the provided link for the shipping rates. Free delivery is offered for subscribers whose monthly contact lens subscription fee is above RM250 within Malaysia.
Will I earn reward points for my subscription plan orders?,"Yes, customers will earn reward points for every RM1 spent on the contact lens subscription plan. The points will be credited to their account after every successful payment/recurring payment is charged."
Can I cancel the subscription plan? How do I cancel it?,"Yes, customers can cancel their subscription plan. They need to email their cancellation request to online@focus-point.com at least 2 working days prior to the upcoming scheduled recurring payment on the 10th of the month. Late cancellations will still be charged for the current month and no refund will be allowed once the recurring payment has been charged."
What is the policy for updating the subscription plan if my prescription changes?,"If a customer's prescription or eye power has changed, they can request the cancellation of their current subscription plan and subscribe to a new plan with the updated prescription by writing to online@focus-point.com."
Is there an exchange policy if the product doesn't fit my wearing condition?,"If the product is not suitable for the customer's wearing condition, they can request a product exchange within 14 days of receiving the products by contacting online@focus-point.com for assistance."
How do I renew my subscription plan after it has ended?,"To renew the subscription plan after it has ended, customers can log in to their account, select the product they wish to subscribe to, choose their prescription and color option (if applicable), select the preferred plan duration, and proceed to check out."
Question,Answer
Who owns www.focus-point.com?,www.focus-point.com is owned by Focus Point Vision Care Group Sdn. Bhd.
Are the contact lenses in the online store genuine?,"Yes, the contact lenses in the online store are genuine and from reputable suppliers."
How are optical appliances and contact lenses stored?,Optical appliances and contact lenses are stored according to proper storage methods as stated on the product label.
How long is an eyeglass lens prescription valid for?,An eyeglass lens prescription is typically valid for one year.
How long is a contact lens prescription valid for?,A contact lens prescription is valid for six months after issuance.
Are eyeglass lens prescriptions the same as contact lens prescriptions?,Eyeglass lens prescriptions might not be the same as contact lens prescriptions.
Should I have an eye examination before purchasing optical appliances or contact lenses?,"Yes, it's advisable to have a comprehensive eye examination with a Registered Optometry practitioner before purchasing optical appliances or contact lenses."
What should I do if I experience persistent symptoms or side effects?,"If you experience persistent symptoms or side effects, you should seek the advice of a medical practitioner or registered optometrist."
How is a contract formed when making a purchase?,A contract is formed when the products have been shipped to your address.
How do I submit an order?,"To submit an order, you need to follow the online shopping process on the site."
Can I cancel my order before it is shipped?,"Yes, if there is an error in the price of a product you ordered, you can choose to cancel your order before it is shipped."
What forms of payment do you accept?,Focus Point accepts payments in Malaysian Ringgit only by credit or debit card or online banking.
Do you insure items before shipping?,"Yes, Focus Point insures items prior to postage until the item is delivered."
How long does it take to dispatch an item?,Focus Point aims to dispatch items within 48 hours of receiving the order.
Who is responsible for custom duties and taxes?,The buyer is responsible for any custom duties and taxes.
What happens if there is an error in the price of a product I ordered?,"If there is an error in the price of a product you ordered, Focus Point will inform you as soon as possible and give you the option of reconfirming your order at the correct price or cancelling it."
Can I pay using e-gift cards or promotional vouchers?,"Yes, you can pay all or part of the price of your order using e-gift cards, store credit or a promotional voucher."
How is my card data protected?,Your card data is protected by encryption.
Can I refuse delivery or collection of a product?,"If you unreasonably refuse to accept delivery or do not accept delivery within one week, Focus Point may charge you for any fee and other costs reasonably incurred or may no longer make the product available for delivery or collection."
"What should I do if I receive an incorrect, damaged, or defective item?","If you receive an incorrect, damaged, or defective item, you should inform the Focus Point team within 14 days after delivery."
How long do I have to return an item?,You have 14 calendar days after delivery to return an item.
What are the conditions for returning an item?,"To return an item, it must be in new condition and returned in the original packaging along with all accessories and free gifts received with it."
What happens after I return a product?,"Upon receipt of the returned product, Focus Point will examine it and advise you on the status of the replacement or refund via email."
Can I get a refund if the returned product is not faulty?,"If the returned product is not faulty, Focus Point may decide not to repair, replace or refund you for the product."
Who owns the intellectual property rights of the content on the website?,The intellectual property rights of the content on the website belong to Focus Point or its content suppliers.
Can I use the content on the website for commercial purposes?,You cannot use the content on the website for commercial purposes without obtaining a license to do so from Focus Point or its licensors.
What is the limitation of liability for inaccuracies or errors in product descriptions?,"To the extent required by law, Focus Point shall not be liable for any inaccuracy, error, mis-description or omission in any description of an item."
What is the liability of the company for any loss or damage?,Focus Point's aggregate liability to you shall be limited to a sum equivalent to the total value of your order.
Can I assign or transfer my rights and obligations under the terms and conditions?,"No, you may not assign or transfer your rights and/or obligations under these Terms."
Who can enforce the terms and conditions?,Only Focus Point or a buyer shall have any rights to enforce any of these Terms.
Question,Answer
How many outlets does Focus Point have nationwide?,Focus Point has more than 180 outlets nationwide.
What is the concept behind Focus Point's vision care services?,"The concept behind Focus Point's vision care services is to provide consumers with the best vision care and eyewear services, upholding the highest standards in reliability, quality, and professionalism."
What is Focus Point's mission?,"Focus Point's mission is to provide consumers with the best vision care and eyewear services, upholding the highest standards in reliability, quality, and professionalism."
When was the first Focus Point store opened?,"The first Focus Point store was opened in Muar, Johor in"
How has Focus Point grown over the years?,Focus Point has grown from a small-town optical store to the largest optical retail chain store in Malaysia. It has expanded to become a leading brand name in Asia and is listed on Bursa Malaysia.
What recognition has Focus Point received from the Malaysia Book of Records?,Focus Point is officially recognized by the Malaysia Book of Records as the largest optical retail chain store in Malaysia and the first and only optical retail chain store to be listed in Bursa Malaysia.
How many eye care professionals are available at Focus Point?,Focus Point has more than 230 eye care professionals available.
What types of eyewear can customers find at Focus Point's concept stores?,"Customers can find a wide range of fashionable eyewear at Focus Point's concept stores, including Focus Point, Focus Point Signature, Focus Point Concept Store, Focus Point Outlet, Focus Point Lifestyle, Whoosh, Opulence, Eyefont, Solariz, and i-Focus."
What is Focus Point's approach to innovation and technology?,"Focus Point embraces a knowledge-based economy and utilizes innovation and technology to enhance their value, professional services, and overall competitiveness. They have also embarked on eCommerce to provide an online to offline shopping experience for customers."
How can customers contact Focus Point?,Customers can contact Focus Point at (+603) 7880 5520 or through email at online@focus-point.com.
Who is the registered optometry practitioner at Focus Point?,"The registered optometry practitioner at Focus Point is Ms Chia Jho Yan, with MOC registration number O-"
What is the address of Focus Point's head office?,"The address of Focus Point's head office is Unit 1, 3, 5 & 7, Jalan PJU 1/37, Dataran Prima, 47301 Petaling Jaya, Selangor."
What are the operating hours for contacting Focus Point?,"The operating hours for contacting Focus Point are Monday to Friday, 9am to 6pm."
Is there an online shopping option available at Focus Point?,"Yes, Focus Point offers an online shopping option to customers."
